{"hyperprior": {"celebA": {"skin_type": [0.10862725423623354, 0.029970598186888187, 0.04703648177766562, 0.07102526488365946, 0.03338318298036569], "eye_type": [0.5497739694203663, 0.3990167840246398, 0.3876193101513592, 0.1666441009476628, 0.20256353061616095], "nose_type": [0.33220738690129403, 0.2694543504640471, 0.12237316758986061, 0.24651825573240027, 0.2600583723286217], "lip_type": [0.19557067130250805, 0.22060207601690995, 0.24463591921501826, 0.2566786062918325, 0.2076687784635608], "hair_type": [0.37775500642392446, 0.0381418177771925, 0.06963456197991302, 0.0827968946872103, 0.07927872818958315], "hair_color": [0.20004397406828778, 0.1788844688043878, 0.16794197649521114, 0.1766690663767223, 0.19580428014264672]}, "fairface": {"skin_type": [0.07445997246518254, 0.05225627802603383, 0.07607436240596743, 0.0604287226861453, 0.02667073963007749], "eye_type": [0.379542406180994, 0.2753316430148709, 0.30923184669077786, 0.23957195915572393, 0.1651830112279875], "nose_type": [0.38098149378240076, 0.18061847391679897, 0.3945782014791615, 0.22509061191411528, 0.21269667485201593], "lip_type": [0.25502961571519134, 0.25119249272620836, 0.2675030237975786, 0.23000210012950795, 0.2150260377167703], "hair_type": [0.2074289593826798, 0.1511711608163011, 0.04683961423335159, 0.04869903172494183, 0.15296440493224928], "hair_color": [0.1778546963191664, 0.20640351495674958, 0.1835629756899475, 0.1638933934992597, 0.1646188728537129]}}, "qres17m": {"celebA": {"skin_type": [0.11776871948312595, 0.07034940492070751, 0.056337918616092386, 0.06886401797608765, 0.028122080864497523], "eye_type": [0.8915248029720513, 0.7841921781048887, 0.31575415119940853, 0.19266708291489354, 0.23902745972019157], "nose_type": [0.15100318649398492, 0.31632105894009505, 0.2832421690904975, 0.11391417449355601, 0.23336036099555812], "lip_type": [0.2929331631270943, 0.2400535533024537, 0.24535735259229874, 0.2399767198394691, 0.22573280907878202], "hair_type": [0.35784327572418906, 0.4029948443014092, 0.20414735187228905, 0.06707083655178925, 0.05430480864107945], "hair_color": [0.2064424793210553, 0.205104702813227, 0.16664316435168858, 0.15222542183562981, 0.1496277975485848]}, "fairface": {"skin_type": [0.10007563410702003, 0.2198657028243598, 0.0647442703411154, 0.061355197665644345, 0.024899215667715024], "eye_type": [0.935583683227829, 0.573139716217414, 0.3929591060468659, 0.30879351977487535, 0.11867652545072183], "nose_type": [0.21405061799224834, 0.353883633853724, 0.11679350127803156, 0.24525840795318343, 0.21099759905298043], "lip_type": [0.24116876096248163, 0.1815350642009419, 0.1901647485187954, 0.31510693159411496, 0.28971869931979133], "hair_type": [0.21821528367912668, 0.5827790121280187, 0.19304209594294353, 0.08873684897494816, 0.05955206885434006], "hair_color": [0.21633386151693834, 0.20890558377894963, 0.16469680158232425, 0.17141722670209325, 0.15762940807564285]}}, "cheng2020-attn": {"celebA": {"skin_type": [0.025915940878071253, 0.05419943074919198, 0.026620186122954692, 0.025050876189083082, 0.026164128952316235], "eye_type": [0.7516868280813652, 0.3892664452953398, 0.2773908054598001, 0.21938067328962396, 0.12395008527893658], "nose_type": [0.35298467030581454, 0.1704039072632516, 0.2863741618023059, 0.2490943678887546, 0.25875956018509927], "lip_type": [0.16066087964313347, 0.28536093059071976, 0.16982366423035034, 0.2628030117412796, 0.22955679489124048], "hair_type": [0.301824121812024, 0.04566442182933306, 0.14746486322739139, 0.08653157755805152, 0.04675974132867611], "hair_color": [0.20105611981727567, 0.2486269700197048, 0.1739192955242933, 0.1626901368205821, 0.2178237845901505]}, "fairface": {"skin_type": [0.312982951031091, 0.07662663934886449, 0.059698115134657725, 0.08091506881848909, 0.041193682577733925], "eye_type": [0.8259296670371341, 0.33385997500562514, 0.2992292264698807, 0.2939556666416657, 0.16876949945988384], "nose_type": [0.24099720796561863, 0.2662037285061527, 0.2138642629983264, 0.3071514452068266, 0.19488769787916338], "lip_type": [0.22929373240670547, 0.3293314457263514, 0.20627507746112417, 0.2805063256678606, 0.2647757722837353], "hair_type": [0.0730102462643002, 0.10094474061274206, 0.06278010307500936, 0.16044323617736067, 0.04978965496472476], "hair_color": [0.22215903398063652, 0.1909346623273971, 0.16563101860270069, 0.16051369875722232, 0.16755975463583161]}}, "mbt2018": {"celebA": {"skin_type": [0.2109092750949465, 0.2566852160123745, 0.02333098134037792, 0.030131254672101093, 0.02389772369296106], "eye_type": [0.5100820060956663, 0.2668300489659867, 0.23561338007521693, 0.22256877105795558, 0.19362360965137426], "nose_type": [0.31823605560323037, 0.3284065059355715, 0.157511769952568, 0.21980341524851676, 0.27201301038678616], "lip_type": [0.23833844753759814, 0.34787182541731154, 0.26108790597642406, 0.3055523146149568, 0.25270002761281396], "hair_type": [0.08025165861730676, 0.1464421004236186, 0.14187074227964191, 0.12498843303971918, 0.04314906066981705], "hair_color": [0.21411845908927296, 0.1727160388456157, 0.15216883073509047, 0.17758565666086534, 0.21908363236936734]}, "fairface": {"skin_type": [0.03568078501428462, 0.09488866641836846, 0.01933295185154904, 0.06602619810500898, 0.036443132318817906], "eye_type": [0.5299810740178311, 0.3774306445061565, 0.2995214444138157, 0.1987111240552838, 0.21377495906513633], "nose_type": [0.25883106978067094, 0.25638715370956067, 0.1791149887349982, 0.2727384897412395, 0.2606882962182302], "lip_type": [0.25442052694687767, 0.22662408616124763, 0.2864761382507477, 0.24123876527941446, 0.2413603005518674], "hair_type": [0.2733698865512536, 0.041718505526396665, 0.1641095973139326, 0.08238695305323929, 0.1356952985055], "hair_color": [0.1811212088601254, 0.1816342396568168, 0.17382374005944845, 0.16784642103036618, 0.15642615139696525]}}, "qarv": {"celebA": {"skin_type": [0.08361432288324444, 0.03305856638937177, 0.06344243099855962, 0.04703648177766562, 0.04890862671025731], "eye_type": [0.3907674714673529, 0.40785053246979686, 0.2441149741241011, 0.2324652187592231, 0.21527598523714953], "nose_type": [0.2574254945691098, 0.2491548443837508, 0.20761606401515853, 0.1984501611737286, 0.21367950120345092], "lip_type": [0.20601885481685367, 0.2729244692311581, 0.21322506187912138, 0.23037057190479082, 0.2881066554659759], "hair_type": [0.058092184311455686, 0.0474902861885137, 0.0691562986116725, 0.07070512295605214, 0.0502001205886049], "hair_color": [0.18505289876315967, 0.16335902507449618, 0.17898002426923254, 0.13799879024926054, 0.15531845018313262]}, "fairface": {"skin_type": [0.17388712644103232, 0.03559858540803107, 0.06987702104446758, 0.0358073230739544, 0.033153107686370364], "eye_type": [0.29400826587157414, 0.36090571977662855, 0.3384069311266755, 0.17272807854039085, 0.20681432764060304], "nose_type": [0.32766339984488474, 0.20846837851568722, 0.23949013813142206, 0.1764450907872448, 0.23735235289097034], "lip_type": [0.20756182742380225, 0.21972604977306942, 0.2384745670427455, 0.2784305032143649, 0.21356858672951495], "hair_type": [0.25232824646830265, 0.04804842246142971, 0.04188457196402606, 0.06215573073480152, 0.12223866218729029], "hair_color": [0.1771858080652523, 0.18514845422800463, 0.17464477487874663, 0.1887192598997317, 0.15270319915985409]}}}